customer_id,name,age,gender,address,phone,email
1,Joseph Okorie,35,Male,"Port Michaelmouth, Nigeria",8096705040,joseph okorie@gmail.com
2,Nancy Njong,46,Male,"South Megan, Nigeria",8051818972,nancy njong@gmail.com
3,Travis Chukwudi,45,Male,"Kevinside, Nigeria",8015252830,travis chukwudi@gmail.com
4,James Owens,65,Male,"Sheribury, Nigeria",8086454946,james owens@gmail.com
5,Basseyie Oluwatosin,35,Female,"Benjaminstad, Nigeria",8068400305,basseyie oluwatosin@gmail.com
6,Akpanufo Ubong,54,Male,"Lake Dannyfurt, Nigeria",8078312897,akpanufo ubong@gmail.com
7,Tiffany Titilayo,57,Female,"Lake Laurenport, Nigeria",8071533271,tiffany titilayo@gmail.com
8,Jennifer Nwankwo,52,Male,"North Karenport, Nigeria",8058300076,jennifer nwankwo@gmail.com
9,Akpanufo Gbogobiri,49,Male,"Riceview, Nigeria",8045024696,akpanufo gbogobiri@gmail.com
10,John Sunday,66,Female,"Rogerport, Nigeria",8089911676,john sunday@gmail.com
11,Ugo Abdulazeez,31,Male,"North Susan, Nigeria",8057246328,ugo abdulazeez@gmail.com
12,Vincent Madu,58,Female,"Mohammaduland, Nigeria",8019922524,vincent madu@gmail.com
13,Miss Beth Obi,39,Male,"South Brittany, Nigeria",8095659175,miss beth obi@gmail.com
14,Ashley Umar,56,Female,"South Michael, Nigeria",8096669701,ashley umar@gmail.com
15,Julie Okon,48,Male,"Lake Heatherton, Nigeria",8082028337,julie okon@gmail.com
16,David Omolola,51,Female,"Alicestad, Nigeria",8099536488,david omolola@gmail.com
17,Maureen Omotola,60,Female,"New Shelly, Nigeria",8030723105,maureen omotola@gmail.com
18,William Oluwaseyin,67,Male,"Tonymouth, Nigeria",8050220093,william oluwaseyin@gmail.com
19,Samantha Orokpo,63,Male,"Meredithville, Nigeria",8098427475,samantha orokpo@gmail.com
20,Evan Tyler,18,Male,"East Sarahmouth, Nigeria",8068703046,evan tyler@gmail.com
21,Christopher Ojocheneme,63,Female,"Akindeleshire, Nigeria",8019115034,christopher ojocheneme@gmail.com
22,Katherine Dixon,68,Female,"Vargastown, Nigeria",8039494364,katherine dixon@gmail.com
23,Heather Oluwadayo,70,Male,"Harrisfort, Nigeria",8060953900,heather oluwadayo@gmail.com
24,Obioha Adeleke,68,Male,"Randymouth, Nigeria",8092160177,obioha adeleke@gmail.com
25,Elizabeth Oluwadayo,40,Female,"Michaelburgh, Nigeria",8059987306,elizabeth oluwadayo@gmail.com
26,Hailey Uba,31,Male,"New David, Nigeria",8037299445,hailey uba@gmail.com
27,Gabrielle Onukwugha,66,Female,"Jimborough, Nigeria",8049909128,gabrielle onukwugha@gmail.com
28,Jodi Uwandu,24,Female,"Gilmoreton, Nigeria",8031948225,jodi uwandu@gmail.com
29,Rodney Ihim,67,Female,"RAkindeledesside, Nigeria",8066638314,rodney ihim@gmail.com
30,AntAkindeleny Umaru,29,Male,"Rodneychester, Nigeria",8028617670,antakindeleny umaru@gmail.com
31,Kimberly Ahmed,26,Male,"Lake Jennifer, Nigeria",8020595663,kimberly ahmed@gmail.com
32,Jamie Bukola,28,Female,"West Michael, Nigeria",8077119223,jamie bukola@gmail.com
33,Sue Maynard,45,Female,"South Julia, Nigeria",8091707794,sue maynard@gmail.com
34,Tammy Etta,59,Female,"West Mark, Nigeria",8041940624,tammy etta@gmail.com
35,Derrick Shekarau,18,Female,"South Brettberg, Nigeria",8021154085,derrick shekarau@gmail.com
36,Shawn Iniubong,25,Female,"Deanberg, Nigeria",8057768550,shawn iniubong@gmail.com
37,Mark Nwosu,28,Female,"West Tylermouth, Nigeria",8015077841,mark nwosu@gmail.com
38,Allison Iniubong,23,Female,"Port Andrewberg, Nigeria",8054915833,allison iniubong@gmail.com
39,Chelsea Chidera,35,Female,"Lewisbury, Nigeria",8048140285,chelsea chidera@gmail.com
40,Sherri Nwosu,40,Male,"Walkerborough, Nigeria",8032059823,sherri nwosu@gmail.com
41,Dr. Tabitha Nwosu,18,Female,"Penningtonmouth, Nigeria",8025889124,dr. tabitha nwosu@gmail.com
42,Jamie Chidera,63,Female,"North Jayville, Nigeria",8068394286,jamie chidera@gmail.com
43,Heather Nwogu,27,Male,"New Laurafurt, Nigeria",8013795096,heather nwogu@gmail.com
44,Mrs. Jackie Otedola,40,Male,"Petersenland, Nigeria",8075383349,mrs. jackie otedola@gmail.com
45,Stephanie Chidi,40,Male,"East Gregory, Nigeria",8065932906,stephanie chidi@gmail.com
46,Jared Flynn,22,Female,"Gravesburgh, Nigeria",8076817634,jared flynn@gmail.com
47,Adam Shekarau,49,Male,"West Sarahfort, Nigeria",8029643828,adam shekarau@gmail.com
48,Kevin Chidi,68,Male,"Lisaport, Nigeria",8073265464,kevin chidi@gmail.com
49,Gregory Ikeh,43,Male,"South Lauren, Nigeria",8049455900,gregory ikeh@gmail.com
50,Amy Mbato,36,Female,"TAkindelempsonfurt, Nigeria",8054917720,amy mbato@gmail.com
51,Akpoiroro Mbato,28,Male,"West Kari, Nigeria",8064885312,akpoiroro mbato@gmail.com
52,Eric Oluwadayo,43,Male,"Port Andrea, Nigeria",8058226335,eric oluwadayo@gmail.com
53,Collin Akpanufo,49,Male,"Marystad, Nigeria",8029126075,collin akpanufo@gmail.com
54,Carla Mbanefo,39,Female,"Christinachester, Nigeria",8095922164,carla mbanefo@gmail.com
55,Shawn Hunt,43,Female,"Meganhaven, Nigeria",8071342119,shawn hunt@gmail.com
56,Tyler Galvan,38,Female,"South Lindseymouth, Nigeria",8056353875,tyler galvan@gmail.com
57,Sharon Kennedy,29,Female,"Port Patrick, Nigeria",8098148702,sharon kennedy@gmail.com
58,Timilayey Shekarau,47,Male,"Jasmineville, Nigeria",8033898766,timilayey shekarau@gmail.com
59,Jose Maduka,51,Male,"Obrienshire, Nigeria",8040537121,jose maduka@gmail.com
60,Christopher Timilaye,54,Male,"Rolandhaven, Nigeria",8051083408,christopher timilaye@gmail.com
61,Kimberly Otuonye,49,Male,"Echobuville, Nigeria",8066712506,kimberly otuonye@gmail.com
62,Amanda Ugo,59,Female,"Obrienhaven, Nigeria",8058378767,amanda ugo@gmail.com
63,Roland Otedola,60,Female,"South Amyhaven, Nigeria",8074210200,roland otedola@gmail.com
64,Catherine Franklin,18,Male,"Markside, Nigeria",8078761829,catherine franklin@gmail.com
65,NicAkindelelas Ndoma,54,Male,"Ucheland, Nigeria",8036788602,nicakindelelas ndoma@gmail.com
66,Andrew Oluwadayo,51,Male,"Cynthiaberg, Nigeria",8039919443,andrew oluwadayo@gmail.com
67,Tamara Ibrahim,18,Female,"Bankschester, Nigeria",8039644627,tamara ibrahim@gmail.com
68,Dale Chima,49,Male,"Lake Tiffany, Nigeria",8015424994,dale chima@gmail.com
69,Jose Ross,46,Female,"Harrisborough, Nigeria",8024669045,jose ross@gmail.com
70,Angela Coleman,57,Male,"South Stevenbury, Nigeria",8065533600,angela coleman@gmail.com
71,James Leonard,38,Female,"North Ruthtown, Nigeria",8051353352,james leonard@gmail.com
72,Alyssa Reynolds,35,Male,"South Nicole, Nigeria",8097028675,alyssa reynolds@gmail.com
73,Heather Akpanufo,58,Female,"Lake Kaitlinhaven, Nigeria",8057068062,heather akpanufo@gmail.com
74,Melissa Omah,33,Female,"Ericaburgh, Nigeria",8075415901,melissa omah@gmail.com
75,Joann Abdel,62,Female,"East Sarahberg, Nigeria",8091233810,joann abdel@gmail.com
76,Shawn Adams,18,Female,"South Adamside, Nigeria",8046213311,shawn adams@gmail.com
77,Gerald Ikechukwu,68,Female,"West Jennifer, Nigeria",8046353183,gerald ikechukwu@gmail.com
78,James Mohammadu,29,Female,"West Billyside, Nigeria",8088745841,james mohammadu@gmail.com
79,Kimberly Mohammed,33,Male,"Port Tyler, Nigeria",8036568729,kimberly mohammed@gmail.com
80,Amber Mohammed,60,Male,"AntAkindelenyfurt, Nigeria",8084940755,amber mohammed@gmail.com
81,Edward Opara,27,Female,"West Obiohaland, Nigeria",8045713271,edward opara@gmail.com
82,Mr. Jordan Mohammadu,29,Female,"Ariasport, Nigeria",8051568551,mr. jordan mohammadu@gmail.com
83,Nicole Myers,65,Female,"South AntAkindelenymouth, Nigeria",8091762377,nicole myers@gmail.com
84,Matthew Chukwu,19,Female,"Port Andrew, Nigeria",8061302679,matthew chukwu@gmail.com
85,Joshua Dangote,32,Female,"Port Justin, Nigeria",8088501268,joshua dangote@gmail.com
86,Kristopher Adeleke,58,Female,"South Ashley, Nigeria",8053367708,kristopher adeleke@gmail.com
87,Julie Adeleke,39,Female,"Jeffreyview, Nigeria",8055031118,julie adeleke@gmail.com
88,Stephanie Otu,42,Female,"Okwuchimouth, Nigeria",8080156094,stephanie otu@gmail.com
89,Katie Chibuzo,65,Female,"Joyhaven, Nigeria",8085714298,katie chibuzo@gmail.com
90,Richard Chibuzo,41,Female,"Otedolaland, Nigeria",8042775469,richard chibuzo@gmail.com
91,Timothy Chukwu,29,Female,"Beckermouth, Nigeria",8050174883,timothy chukwu@gmail.com
92,Andrew Chibuzo,62,Female,"East Stephanieshire, Nigeria",8034813746,andrew chibuzo@gmail.com
93,Desiree Akpoiroro,31,Female,"Nguyenfort, Nigeria",8033269888,desiree akpoiroro@gmail.com
94,Heather Akpoiroro,25,Male,"West Cynthiashire, Nigeria",8052746365,heather akpoiroro@gmail.com
95,Dangote Akpoiroro,46,Female,"New Eddieberg, Nigeria",8039011392,dangote akpoiroro@gmail.com
96,Catherine Cameron,66,Female,"Mohammedtown, Nigeria",8026759343,catherine cameron@gmail.com
97,Sharon Chibuzo,28,Male,"New Marytown, Nigeria",8065146677,sharon chibuzo@gmail.com
98,Virginia Akpoiroro,65,Male,"Dorseyborough, Nigeria",8043437732,virginia akpoiroro@gmail.com
99,Randy Akpan,70,Female,"North Jessica, Nigeria",8041420142,randy akpan@gmail.com
100,Donald Akpanke,58,Male,"Port Codyhaven, Nigeria",8061766614,donald akpanke@gmail.com
101,Jennifer Duran,21,Male,"Akindelemouth, Nigeria",8082619223,jennifer duran@gmail.com
102,Jonathan Otedola,47,Male,"Otedolaburgh, Nigeria",8024183191,jonathan otedola@gmail.com
103,Aaron Burgess,62,Female,"North Sharonburgh, Nigeria",8095352336,aaron burgess@gmail.com
104,Mario Foley,39,Female,"North Christopherfort, Nigeria",8061183943,mario foley@gmail.com
105,Kelly Christian,27,Male,"Jamesfort, Nigeria",8011485499,kelly christian@gmail.com
106,David Chukwu,23,Male,"West Edward, Nigeria",8059260443,david chukwu@gmail.com
107,Brianna Dillon,30,Male,"New James, Nigeria",8093789072,brianna dillon@gmail.com
108,Amy Cunningham,64,Female,"North AntAkindeleny, Nigeria",8097595679,amy cunningham@gmail.com
109,Steve Akpoti,56,Male,"New Aliciaburgh, Nigeria",8055008727,steve akpoti@gmail.com
110,Lisa Olamide,37,Male,"Pearsonmouth, Nigeria",8078200200,lisa olamide@gmail.com
111,Theodore White,55,Female,"North Michelle, Nigeria",8038160441,theodore white@gmail.com
112,Julie Dangote,22,Male,"Annetteside, Nigeria",8039174551,julie dangote@gmail.com
113,Dr. Daniel Mohammadu,51,Female,"West Heather, Nigeria",8098459555,dr. daniel mohammadu@gmail.com
114,Michelle Akindelerton,43,Female,"East Brittanyfurt, Nigeria",8066461905,michelle akindelerton@gmail.com
115,Carlos Ojocheneme,55,Male,"Schwartzville, Nigeria",8068128113,carlos ojocheneme@gmail.com
116,William Romero,65,Female,"Deniseton, Nigeria",8024430833,william romero@gmail.com
117,Kristopher Iniubong,29,Male,"Lisaview, Nigeria",8057126427,kristopher iniubong@gmail.com
118,Travis Dangote,33,Female,"East Alex, Nigeria",8046625175,travis dangote@gmail.com
119,Kelsey Dickson,69,Male,"Webstermouth, Nigeria",8059727878,kelsey dickson@gmail.com
120,Zachary Dangote,20,Female,"NicAkindelelasside, Nigeria",8093667902,zachary dangote@gmail.com
121,Jeffrey Wilson,22,Male,"Youngville, Nigeria",8068623312,jeffrey wilson@gmail.com
122,Richard Akindele,30,Female,"Lake Samantha, Nigeria",8039904279,richard akindele@gmail.com
123,Ugo Akindele,50,Male,"South Ashley, Nigeria",8071663643,ugo akindele@gmail.com
124,Jordan Akindele,54,Female,"Port Kimberlyshire, Nigeria",8080789019,jordan akindele@gmail.com
125,Alicia Chidera,54,Female,"West Timothyville, Nigeria",8018816757,alicia chidera@gmail.com
126,Teresa Franklin,48,Male,"New Austinborough, Nigeria",8052689790,teresa franklin@gmail.com
127,Jason Otedola,55,Male,"Christopherhaven, Nigeria",8094332190,jason otedola@gmail.com
128,Chad Otedola,19,Male,"Akindeleffmanbury, Nigeria",8084153479,chad otedola@gmail.com
129,Mark Otedola,50,Female,"North Michaelbury, Nigeria",8018550416,mark otedola@gmail.com
130,Jonathan Ajibade,26,Female,"North Lisamouth, Nigeria",8060275740,jonathan ajibade@gmail.com
131,Kevin Baker,19,Male,"Rachelbury, Nigeria",8071757107,kevin baker@gmail.com
132,Melissa Ajibade,32,Male,"Priceshire, Nigeria",8054706978,melissa ajibade@gmail.com
133,Jon Otedola,68,Male,"Jessicashire, Nigeria",8016279269,jon otedola@gmail.com
134,Betty Ajibade,51,Female,"South Christopher, Nigeria",8079472471,betty ajibade@gmail.com
135,James Ajibade,63,Male,"Jamesland, Nigeria",8075036948,james ajibade@gmail.com
136,Angela Akindele,68,Female,"New Lisaview, Nigeria",8080997450,angela akindele@gmail.com
137,Jacob Ajibade,37,Male,"Oscarmouth, Nigeria",8068923724,jacob ajibade@gmail.com
138,Shelia Ajibade,38,Female,"Lake Marytown, Nigeria",8044150033,shelia ajibade@gmail.com
139,Michelle Ajibade,51,Female,"Harrisberg, Nigeria",8069275130,michelle ajibade@gmail.com
140,John Garrison,23,Female,"Maxwellbury, Nigeria",8067931155,john garrison@gmail.com
141,Cindy Uche,38,Female,"West Johnchester, Nigeria",8087212337,cindy uche@gmail.com
142,Zachary Allen,39,Male,"Kaufmanberg, Nigeria",8069531947,zachary allen@gmail.com
143,Crystal Bell,50,Female,"North Jerryton, Nigeria",8049858297,crystal bell@gmail.com
144,Ugo Ajibade,59,Female,"Griffinshire, Nigeria",8068956224,ugo ajibade@gmail.com
145,Deborah Ojocheneme,19,Female,"Ugobury, Nigeria",8035263295,deborah ojocheneme@gmail.com
146,Ojocheneme Noble,68,Male,"North Sheliahaven, Nigeria",8049354378,ojocheneme noble@gmail.com
147,Jeremy Akpoti,32,Male,"North Andreaville, Nigeria",8085549447,jeremy akpoti@gmail.com
148,Norman Akindele,60,Male,"Dixonberg, Nigeria",8036314492,norman akindele@gmail.com
149,Joseph Becker,24,Male,"Hamiltonland, Nigeria",8013807395,joseph becker@gmail.com
150,Brian Bond,24,Male,"New Codychester, Nigeria",8024428182,brian bond@gmail.com
151,Kimberly Akindele,42,Male,"Lake Olamidechester, Nigeria",8090661936,kimberly akindele@gmail.com
152,Akpoti Ibrahim,37,Female,"Jamesshire, Nigeria",8020331483,akpoti ibrahim@gmail.com
153,Jeanette Akindele,26,Female,"East Timport, Nigeria",8095551375,jeanette akindele@gmail.com
154,Allison Akindele,34,Male,"Claudiabury, Nigeria",8088553099,allison akindele@gmail.com
155,Jeremy Peters,30,Male,"Stevenside, Nigeria",8041302203,jeremy peters@gmail.com
156,Erin Owens,58,Female,"Robertport, Nigeria",8063359334,erin owens@gmail.com
157,David Akpoti,30,Female,"Tommyton, Nigeria",8091780430,david akpoti@gmail.com
158,Sean Mitchell,28,Male,"Josephborough, Nigeria",8023410961,sean mitchell@gmail.com
159,Lisa Akpoti,65,Male,"Meganfort, Nigeria",8049866875,lisa akpoti@gmail.com
160,Amber Akpoti,69,Male,"Emilybury, Nigeria",8079155677,amber akpoti@gmail.com
161,Samuel Akindele,36,Male,"Lake Nathan, Nigeria",8062677447,samuel akindele@gmail.com
162,Denise Akindele,64,Male,"Troyville, Nigeria",8024279472,denise akindele@gmail.com
163,Kimberly Omachukwu,42,Male,"Otedolaport, Nigeria",8079657731,kimberly omachukwu@gmail.com
164,Carol Rojas,48,Male,"South Michael, Nigeria",8061630196,carol rojas@gmail.com
165,Courtney Ikechukwu,27,Male,"Judithfurt, Nigeria",8076873372,courtney ikechukwu@gmail.com
166,Adam Spencer,70,Female,"East Mitchelltown, Nigeria",8037393613,adam spencer@gmail.com
167,Lydia Francis,47,Male,"Lake Philip, Nigeria",8037880747,lydia francis@gmail.com
168,Ricky Hardy,19,Male,"New Jamesfort, Nigeria",8017960995,ricky hardy@gmail.com
169,Jeffrey Hansen,60,Male,"North Emily, Nigeria",8023672936,jeffrey hansen@gmail.com
170,Jerry Robertson,24,Male,"Wilsonfort, Nigeria",8070013494,jerry robertson@gmail.com
171,Eme Petty,34,Female,"Nwosuberg, Nigeria",8082412993,eme petty@gmail.com
172,Douglas Mohammed,62,Female,"New Akpanufo, Nigeria",8034728020,douglas mohammed@gmail.com
173,Sarah Gallegos,62,Male,"Paulville, Nigeria",8099881089,sarah gallegos@gmail.com
174,Adam Oluwadayo,48,Female,"South Michaelbury, Nigeria",8096009058,adam oluwadayo@gmail.com
175,Chelsea Lewis,46,Female,"West Brianview, Nigeria",8031196488,chelsea lewis@gmail.com
176,Vincent Ojocheneme,27,Male,"East Erin, Nigeria",8020163653,vincent ojocheneme@gmail.com
177,Emily Stewart,38,Female,"New Kristenview, Nigeria",8073642068,emily stewart@gmail.com
178,Jacob Lewis,61,Male,"Olumidemouth, Nigeria",8019526379,jacob lewis@gmail.com
179,Steven Nunez,19,Male,"Port Derekburgh, Nigeria",8053147325,steven nunez@gmail.com
180,Matthew Turner,39,Female,"Olamidestad, Nigeria",8012923382,matthew turner@gmail.com
181,Natalie Ojocheneme,50,Male,"South Micheleton, Nigeria",8040127487,natalie ojocheneme@gmail.com
182,Brandon May,27,Male,"Melissatown, Nigeria",8086970007,brandon may@gmail.com
183,Tiffany Ojocheneme,35,Female,"Stacyland, Nigeria",8056918812,tiffany ojocheneme@gmail.com
184,Melissa Adams,64,Male,"Brendaside, Nigeria",8078930651,melissa adams@gmail.com
185,Angel Chidera,66,Female,"South Dawnburgh, Nigeria",8087044943,angel chidera@gmail.com
186,Paula Hayes,60,Female,"Davidchester, Nigeria",8021501092,paula hayes@gmail.com
187,Lisa Mabuko,30,Male,"Whiteberg, Nigeria",8038790808,lisa mabuko@gmail.com
188,Abigail Leonard,48,Female,"Timothyfurt, Nigeria",8081531821,abigail leonard@gmail.com
189,Erika TAkindelempson,30,Male,"Dianeton, Nigeria",8022753843,erika takindelempson@gmail.com
190,Ronnie Harmon,22,Female,"Kennedymouth, Nigeria",8023372555,ronnie harmon@gmail.com
191,Brittany Price,29,Male,"Lake Melanie, Nigeria",8077612394,brittany price@gmail.com
192,Felicia Jacobson,48,Male,"Connieshire, Nigeria",8026587057,felicia jacobson@gmail.com
193,Daniel Hughes,37,Female,"Lake Amy, Nigeria",8079197188,daniel hughes@gmail.com
194,Andrew Adeleke,70,Female,"South Kaylaberg, Nigeria",8055500481,andrew adeleke@gmail.com
195,Michael Erickson,45,Male,"Port Kerryfurt, Nigeria",8015638121,michael erickson@gmail.com
196,Michael Chidera,45,Male,"Victoriastad, Nigeria",8097297889,michael chidera@gmail.com
197,Kimberly Ikechukwu,68,Female,"Meganberg, Nigeria",8014032939,kimberly ikechukwu@gmail.com
198,Elizabeth Akindele,57,Female,"North Michaelfurt, Nigeria",8048881275,elizabeth akindele@gmail.com
199,Diana Wilson,53,Male,"Balltown, Nigeria",8051009770,diana wilson@gmail.com
200,Akpanufo Schwartz MD,37,Male,"West Brettchester, Nigeria",8047700370,akpanufo schwartz md@gmail.com
201,Brian Logan,62,Male,"Port Leslie, Nigeria",8022283870,brian logan@gmail.com
202,Michael Jacobs,68,Female,"East Shariport, Nigeria",8043381733,michael jacobs@gmail.com
203,Andrea Mcclure,22,Female,"Lake Kathyport, Nigeria",8029508079,andrea mcclure@gmail.com
204,Natalie Wright,55,Male,"New Timothy, Nigeria",8044508490,natalie wright@gmail.com
205,Dr. Trevor Ojocheneme,59,Female,"Lake Christophershire, Nigeria",8030799275,dr. trevor ojocheneme@gmail.com
206,Craig Jenkins,65,Female,"East Saraberg, Nigeria",8070293711,craig jenkins@gmail.com
207,Christine Chidera,46,Female,"Turnerside, Nigeria",8066890298,christine chidera@gmail.com
208,Amy Carter,21,Male,"Turnerhaven, Nigeria",8057658098,amy carter@gmail.com
209,Akpoti Stark,66,Female,"West Terri, Nigeria",8055889546,akpoti stark@gmail.com
210,Destiny Ojocheneme,33,Female,"East Akpoiroro, Nigeria",8053526679,destiny ojocheneme@gmail.com
211,Susan Jordan,42,Female,"West Basseyieport, Nigeria",8043404178,susan jordan@gmail.com
212,Cassandra Eme,29,Male,"New Laura, Nigeria",8043412471,cassandra eme@gmail.com
213,Edward Eme,47,Male,"North Michaelfurt, Nigeria",8065467062,edward eme@gmail.com
214,Brian Ikechukwu,32,Female,"Robertberg, Nigeria",8015578771,brian ikechukwu@gmail.com
215,Lisa Eme,25,Female,"East James, Nigeria",8013818174,lisa eme@gmail.com
216,Henry Bukola,29,Female,"North Martin, Nigeria",8088794021,henry bukola@gmail.com
217,Alicia Murphy,21,Male,"Carolynton, Nigeria",8033389327,alicia murphy@gmail.com
218,Michael Uba,65,Male,"Collinsburgh, Nigeria",8047411240,michael uba@gmail.com
219,Deborah Chibuzo,64,Female,"Francoside, Nigeria",8090889651,deborah chibuzo@gmail.com
220,Akpoti Lloyd,67,Female,"North Julie, Nigeria",8091572827,akpoti lloyd@gmail.com
221,Jennifer Baker,52,Female,"South Olamidechester, Nigeria",8017037256,jennifer baker@gmail.com
222,Bianca Akpoiroro,65,Female,"Lake Corey, Nigeria",8022476935,bianca akpoiroro@gmail.com
223,Devin Bonilla,65,Female,"North Justin, Nigeria",8067279566,devin bonilla@gmail.com
224,Edward Akindele,45,Female,"Nunezshire, Nigeria",8010971014,edward akindele@gmail.com
225,Regina Davidson,34,Male,"East Rebecca, Nigeria",8099685339,regina davidson@gmail.com
226,Latoya White,40,Female,"North David, Nigeria",8020681865,latoya white@gmail.com
227,Joshua Andrade,63,Female,"New Jodistad, Nigeria",8027496866,joshua andrade@gmail.com
228,Jeffrey Peterson,31,Male,"Port Devon, Nigeria",8087652365,jeffrey peterson@gmail.com
229,BUgo Ikechukwu,24,Female,"West Joshua, Nigeria",8013774486,bugo ikechukwu@gmail.com
230,Leslie Spencer,30,Male,"Johnnyside, Nigeria",8050832283,leslie spencer@gmail.com
231,Akpoti Carson,60,Female,"Tylerport, Nigeria",8021210768,akpoti carson@gmail.com
232,Jennifer Etta,27,Female,"North Akpotiland, Nigeria",8065735511,jennifer etta@gmail.com
233,Frederick Carter,44,Male,"Bukolaville, Nigeria",8012441635,frederick carter@gmail.com
234,Kerri Lewis,45,Female,"New Barbaramouth, Nigeria",8017783946,kerri lewis@gmail.com
235,Allison Otedola,23,Female,"Lake Autumn, Nigeria",8069742782,allison otedola@gmail.com
236,Zachary Green,52,Male,"Port Charlesfort, Nigeria",8021644272,zachary green@gmail.com
237,Rachel Kingsley,58,Male,"Port Robertshire, Nigeria",8088364790,rachel kingsley@gmail.com
238,Jacqueline Etta,49,Male,"West Renee, Nigeria",8058545906,jacqueline etta@gmail.com
239,Christina Akpoti,36,Male,"Joshuaview, Nigeria",8044347811,christina akpoti@gmail.com
240,Kimberly Bukola,52,Male,"North John, Nigeria",8070060445,kimberly bukola@gmail.com
241,Wesley Bukola,22,Male,"New Sharon, Nigeria",8096468448,wesley bukola@gmail.com
242,Sabrina Ibrahim,25,Male,"Mcneilstad, Nigeria",8041115843,sabrina ibrahim@gmail.com
243,Amy Eme,22,Male,"Oconnorshire, Nigeria",8094786481,amy eme@gmail.com
244,David Ahmed,56,Female,"Port Isaacmouth, Nigeria",8016242407,david ahmed@gmail.com
245,Jacqueline Romero,51,Female,"Waynefort, Nigeria",8014591186,jacqueline romero@gmail.com
246,Jennifer Akpanke,66,Female,"North Noah, Nigeria",8013326138,jennifer akpanke@gmail.com
247,Meghan Monroe,41,Female,"South Troy, Nigeria",8046194211,meghan monroe@gmail.com
248,Debra Brewer,58,Female,"Jessicatown, Nigeria",8033058595,debra brewer@gmail.com
249,Deborah Okwuchi,22,Female,"Stephanieville, Nigeria",8041666813,deborah okwuchi@gmail.com
250,Nancy Onukwugha,21,Male,"South Madisonton, Nigeria",8042148431,nancy onukwugha@gmail.com
251,Robert Ahmed,30,Female,"New Kevinport, Nigeria",8090769311,robert ahmed@gmail.com
252,Dustin Okwuchi,20,Male,"West Joshua, Nigeria",8084939711,dustin okwuchi@gmail.com
253,Linda Okwuchi,68,Male,"Rolandborough, Nigeria",8082403656,linda okwuchi@gmail.com
254,Francisco Uche,22,Female,"Chideraview, Nigeria",8015848800,francisco uche@gmail.com
255,Lucas Echobu,35,Male,"East Melissa, Nigeria",8084520626,lucas echobu@gmail.com
256,Caitlin Okwuchi,24,Female,"Wikeside, Nigeria",8094554681,caitlin okwuchi@gmail.com
257,Nicole Okwuchi,45,Female,"North Josephchester, Nigeria",8092336996,nicole okwuchi@gmail.com
258,ColOtin Echobu,54,Male,"Tanyamouth, Nigeria",8018161714,colotin echobu@gmail.com
259,Mr. Aaron Eme,39,Male,"Echobufurt, Nigeria",8067729655,mr. aaron eme@gmail.com
260,Sharon Uche,56,Male,"East Amy, Nigeria",8090266222,sharon uche@gmail.com
261,Ahmed Akpoiroro,55,Female,"Port Laceyport, Nigeria",8048518189,ahmed akpoiroro@gmail.com
262,Patrick Uche,40,Female,"Heatherchester, Nigeria",8070937861,patrick uche@gmail.com
263,Daniel Uche,24,Male,"Romeroport, Nigeria",8053200875,daniel uche@gmail.com
264,Kathryn Uche,70,Female,"Lake Julieton, Nigeria",8031259315,kathryn uche@gmail.com
265,William Uche,57,Male,"Otedolafurt, Nigeria",8097344281,william uche@gmail.com
266,Lisa Uche,32,Male,"Richardland, Nigeria",8011514053,lisa uche@gmail.com
267,Timothy Peters,23,Male,"South Emilyhaven, Nigeria",8011586238,timothy peters@gmail.com
268,Steven Akindele,20,Male,"West Andrechester, Nigeria",8091091929,steven akindele@gmail.com
269,Alicia Okwuchi,44,Female,"Lake Lisa, Nigeria",8021662482,alicia okwuchi@gmail.com
270,Akpoti Abdel,21,Female,"North Laurenshire, Nigeria",8046372109,akpoti abdel@gmail.com
271,Sarah Robinson,34,Male,"Jorgeborough, Nigeria",8077275810,sarah robinson@gmail.com
272,Nathan Hess,24,Male,"North Christopher, Nigeria",8019099780,nathan hess@gmail.com
273,Emily Ikechukwu,33,Male,"Masonburgh, Nigeria",8028081122,emily ikechukwu@gmail.com
274,Joan Okwuchi,42,Female,"Janiceberg, Nigeria",8061956405,joan okwuchi@gmail.com
275,Shelby Carson,46,Female,"West Cody, Nigeria",8050390053,shelby carson@gmail.com
276,Alexis Hahn,20,Female,"Valenciashire, Nigeria",8034111674,alexis hahn@gmail.com
277,Elizabeth Chioma,42,Male,"North Elizabethstad, Nigeria",8069325403,elizabeth chioma@gmail.com
278,Elizabeth Chukwu,52,Male,"Annebury, Nigeria",8063158339,elizabeth chukwu@gmail.com
279,Jennifer Dangote,49,Female,"Tinafurt, Nigeria",8043388480,jennifer dangote@gmail.com
280,Ojocheneme Hardy,56,Male,"Port Karenberg, Nigeria",8067813259,ojocheneme hardy@gmail.com
281,Michelle May,25,Female,"Richtown, Nigeria",8054500294,michelle may@gmail.com
282,Karen Blake,34,Male,"New Jeffery, Nigeria",8061995851,karen blake@gmail.com
283,John Brown,47,Female,"West Ginaborough, Nigeria",8026926505,john brown@gmail.com
284,Sharon Lewis,38,Female,"Christinechester, Nigeria",8083858828,sharon lewis@gmail.com
285,Tammy Marquez,23,Female,"Port Shaneshire, Nigeria",8035977649,tammy marquez@gmail.com
286,Danielle Myers,53,Male,"East Donaldtown, Nigeria",8078934554,danielle myers@gmail.com
287,Alexandra Chima,33,Female,"Carlbury, Nigeria",8049380471,alexandra chima@gmail.com
288,Richard Perez,31,Male,"Susanmouth, Nigeria",8054453020,richard perez@gmail.com
289,Charles Otedola,62,Male,"Michaelmouth, Nigeria",8068074909,charles otedola@gmail.com
290,Mr. Sean Iniubong,20,Male,"Port Christinashire, Nigeria",8019589103,mr. sean iniubong@gmail.com
291,Mary Nwosu,67,Female,"South John, Nigeria",8049934031,mary nwosu@gmail.com
292,George Adeleke,25,Male,"East Brandy, Nigeria",8073615157,george adeleke@gmail.com
293,Rodney Neal,23,Female,"Port Annberg, Nigeria",8016567012,rodney neal@gmail.com
294,Stephanie Vasquez,31,Male,"Claudiamouth, Nigeria",8061539501,stephanie vasquez@gmail.com
295,Daniel Sanders,50,Female,"East Oliviaborough, Nigeria",8081975701,daniel sanders@gmail.com
296,Oscar Mccarthy,31,Female,"Colemanmouth, Nigeria",8015411542,oscar mccarthy@gmail.com
297,Kimberly Mccann MD,18,Male,"Danielberg, Nigeria",8081638174,kimberly mccann md@gmail.com
298,Daniel Akpoti,61,Female,"North Jackiefort, Nigeria",8077929320,daniel akpoti@gmail.com
299,Dana Opara,28,Male,"Lake Danielle, Nigeria",8052931850,dana opara@gmail.com
300,Gregory Quinn,27,Male,"Ericafort, Nigeria",8085293098,gregory quinn@gmail.com
301,Jared Wilson,55,Female,"Cassandraside, Nigeria",8076873138,jared wilson@gmail.com
302,Matthew Mbanefo,18,Male,"New Richardfort, Nigeria",8010781313,matthew mbanefo@gmail.com
303,Stephanie Briggs,27,Female,"Palmerstad, Nigeria",8011852505,stephanie briggs@gmail.com
304,Donald Hammond,46,Female,"Galvanland, Nigeria",8030403487,donald hammond@gmail.com
305,Nancy Conrad,50,Female,"Port Andreaville, Nigeria",8065674290,nancy conrad@gmail.com
306,Nicole Olsen,35,Female,"Bukolaland, Nigeria",8015171822,nicole olsen@gmail.com
307,David White,54,Female,"Port Tinamouth, Nigeria",8058170254,david white@gmail.com
308,Samantha Middleton,32,Male,"Stacyburgh, Nigeria",8018544456,samantha middleton@gmail.com
309,Danny Chidi,23,Male,"Joemouth, Nigeria",8060536880,danny chidi@gmail.com
310,Ashley Watkins,41,Male,"Jeffreystad, Nigeria",8021235116,ashley watkins@gmail.com
311,Edward Mccall,52,Female,"Williammouth, Nigeria",8018463429,edward mccall@gmail.com
312,Donna Wells,61,Female,"Dixonfort, Nigeria",8011228644,donna wells@gmail.com
313,Maria Becker,39,Female,"Aguirreborough, Nigeria",8045380491,maria becker@gmail.com
314,Joshua CAkindelei,69,Male,"West Kristinbury, Nigeria",8097631575,joshua cakindelei@gmail.com
315,Christina Castro,56,Female,"New Corey, Nigeria",8022736856,christina castro@gmail.com
316,Traci Martinez,21,Female,"Port Nicole, Nigeria",8061712843,traci martinez@gmail.com
317,Gerald Flores,61,Male,"West Akpotitown, Nigeria",8024833463,gerald flores@gmail.com
318,Mrs. Jodi Andrade,44,Female,"Connorbury, Nigeria",8078192351,mrs. jodi andrade@gmail.com
319,Jerry Rice,50,Male,"Jeffreychester, Nigeria",8029351865,jerry rice@gmail.com
320,Michelle Martin,44,Male,"East Josephhaven, Nigeria",8043563755,michelle martin@gmail.com
321,Victoria Chen,61,Male,"Onukwughaport, Nigeria",8013402200,victoria chen@gmail.com
322,Brandon Blake,21,Female,"New Sarah, Nigeria",8017570842,brandon blake@gmail.com
323,Lisa Dunn,48,Female,"Lake Kaitlin, Nigeria",8052229802,lisa dunn@gmail.com
324,Jonathan Peterson,32,Female,"KathOtinstad, Nigeria",8094169890,jonathan peterson@gmail.com
325,Angela Okwuchi,38,Female,"Davidstad, Nigeria",8066204316,angela okwuchi@gmail.com
326,Cindy Reynolds,61,Male,"Haroldmouth, Nigeria",8026297778,cindy reynolds@gmail.com
327,Benjamin Otedola,31,Female,"Tracyhaven, Nigeria",8076432476,benjamin otedola@gmail.com
328,Kyle Ibrahim,54,Female,"Port Oliviamouth, Nigeria",8072236582,kyle ibrahim@gmail.com
329,Adam Okwuchi,34,Female,"Hamptonside, Nigeria",8093004094,adam okwuchi@gmail.com
330,Clinton Ihechukwu,19,Male,"New Davidburgh, Nigeria",8041837403,clinton ihechukwu@gmail.com
331,Jesus Hudson,64,Female,"North Arielview, Nigeria",8020349367,jesus hudson@gmail.com
332,David Meyer,65,Female,"Mohammaduberg, Nigeria",8081079240,david meyer@gmail.com
333,Nancy Ojocheneme,42,Female,"West William, Nigeria",8093517334,nancy ojocheneme@gmail.com
334,Heather Okwuchi,21,Female,"South Joseph, Nigeria",8012940840,heather okwuchi@gmail.com
335,Mia Wilson,46,Male,"Lake Robertstad, Nigeria",8072011495,mia wilson@gmail.com
336,Jason York,61,Female,"Leonardstad, Nigeria",8078678607,jason york@gmail.com
337,Joseph Omachukwu,51,Female,"Matthewmouth, Nigeria",8023422101,joseph omachukwu@gmail.com
338,Michael Baker,30,Male,"East Matthew, Nigeria",8086758854,michael baker@gmail.com
339,Stephanie White,52,Male,"West Kathryn, Nigeria",8034485438,stephanie white@gmail.com
340,Akpoti Dangote,66,Female,"Hendersontown, Nigeria",8017346049,akpoti dangote@gmail.com
341,Richard Mercer,38,Male,"Lake Joe, Nigeria",8086088634,richard mercer@gmail.com
342,Annette Etta,24,Male,"Shannonton, Nigeria",8053801357,annette etta@gmail.com
343,James Sosa,23,Male,"Monicaborough, Nigeria",8060147600,james sosa@gmail.com
344,Jonathan Chung,25,Male,"West Jacquelineton, Nigeria",8056627839,jonathan chung@gmail.com
345,Michael Owen,51,Female,"Calebview, Nigeria",8012443461,michael owen@gmail.com
346,Jessica Ajibade MD,56,Male,"Lauraland, Nigeria",8078397711,jessica ajibade md@gmail.com
347,Victoria Chibuzo,28,Female,"Larrystad, Nigeria",8013335499,victoria chibuzo@gmail.com
348,Courtney Ford,22,Female,"Jamiehaven, Nigeria",8012049887,courtney ford@gmail.com
349,Brian Oneill,64,Female,"South Robert, Nigeria",8025410054,brian oneill@gmail.com
350,Mrs. Phyllis Francis,70,Male,"New Ugo, Nigeria",8033026917,mrs. phyllis francis@gmail.com
351,Joseph Schultz,26,Female,"West Darrylburgh, Nigeria",8014629191,joseph schultz@gmail.com
352,David Guzman,38,Female,"New Jose, Nigeria",8084927595,david guzman@gmail.com
353,Catherine Cole,51,Male,"Powersfurt, Nigeria",8067257246,catherine cole@gmail.com
354,Jeffrey Shekarau,46,Female,"Ikechukwuport, Nigeria",8097671389,jeffrey shekarau@gmail.com
355,Tracy Pope,46,Female,"Mariomouth, Nigeria",8032504498,tracy pope@gmail.com
356,Melissa Akpoiroro,56,Female,"Barnettville, Nigeria",8070121554,melissa akpoiroro@gmail.com
357,Mrs. NicAkindelele Ibrahimard,48,Female,"South Jeff, Nigeria",8055051046,mrs. nicakindelele ibrahimard@gmail.com
358,Julie Armstrong,42,Female,"Zunigaberg, Nigeria",8058542594,julie armstrong@gmail.com
359,Ugo Sweeney,33,Female,"Stewartville, Nigeria",8045820370,ugo sweeney@gmail.com
360,Dana Otedola,31,Male,"West Kevinton, Nigeria",8055617850,dana otedola@gmail.com
361,Denise Ikenna,34,Male,"Port Hannah, Nigeria",8090376767,denise ikenna@gmail.com
362,Akpoiroro Dangote,47,Female,"Donaldmouth, Nigeria",8038777534,akpoiroro dangote@gmail.com
363,Kristin Chukwu,55,Male,"East Seanshire, Nigeria",8036178139,kristin chukwu@gmail.com
364,Nathan Chukwuma,59,Male,"East Ashley, Nigeria",8065566951,nathan chukwuma@gmail.com
365,Daniel Akpoti,25,Female,"New Kaylamouth, Nigeria",8090545006,daniel akpoti@gmail.com
366,Kaitlyn Chidera,28,Female,"North Whitneyfort, Nigeria",8017639189,kaitlyn chidera@gmail.com
367,Shawn Chukwuma,50,Female,"South Williamview, Nigeria",8082963330,shawn chukwuma@gmail.com
368,Karen Norman,48,Male,"North Haley, Nigeria",8016656019,karen norman@gmail.com
369,Christine Wright,32,Female,"Jamesville, Nigeria",8051649584,christine wright@gmail.com
370,Matthew Ikechukwu,31,Female,"Port Danielview, Nigeria",8041520627,matthew ikechukwu@gmail.com
371,Craig White,67,Female,"West Susan, Nigeria",8081962585,craig white@gmail.com
372,Mary Chukwuma,67,Female,"Edwardfurt, Nigeria",8070171010,mary chukwuma@gmail.com
373,Leslie Onukwugha,38,Female,"Tammyview, Nigeria",8084787166,leslie onukwugha@gmail.com
374,Denise Chukwuma,50,Male,"Lake Brent, Nigeria",8090210391,denise chukwuma@gmail.com
375,Colin Chukwuma,22,Male,"Jaredmouth, Nigeria",8097177694,colin chukwuma@gmail.com
376,Emily Bailey,28,Female,"Donaldmouth, Nigeria",8084330960,emily bailey@gmail.com
377,AntAkindeleny White,62,Male,"North Gabriela, Nigeria",8015203233,antakindeleny white@gmail.com
378,Amy MarsWike,44,Female,"East Gwendolyn, Nigeria",8021577946,amy marswike@gmail.com
379,Gary Moreno,69,Female,"Fernandezfort, Nigeria",8047964344,gary moreno@gmail.com
380,Sarah Sweeney,57,Female,"Patriciafurt, Nigeria",8064723459,sarah sweeney@gmail.com
381,David Ikechukwu,61,Female,"Akpotichester, Nigeria",8091504896,david ikechukwu@gmail.com
382,Larry Akpoiroro,38,Male,"North Dawn, Nigeria",8039779590,larry akpoiroro@gmail.com
383,Mary Armstrong,45,Male,"West Tammy, Nigeria",8038005871,mary armstrong@gmail.com
384,Justin Henry,37,Male,"Laurastad, Nigeria",8031890300,justin henry@gmail.com
385,Christina Olamide,23,Female,"Chavezmouth, Nigeria",8037470692,christina olamide@gmail.com
386,Bruce Yang,56,Male,"Lake Danielle, Nigeria",8087052270,bruce yang@gmail.com
387,Emily Olamide,38,Female,"Davidhaven, Nigeria",8010985394,emily olamide@gmail.com
388,Lisa Akpanke,29,Female,"Perezbury, Nigeria",8018376998,lisa akpanke@gmail.com
389,Ian Oti,37,Male,"New Andrewfort, Nigeria",8079693388,ian oti@gmail.com
390,Cole Etta,24,Male,"East Jody, Nigeria",8074001796,cole etta@gmail.com
391,Juan Park,34,Female,"Lake Michaelhaven, Nigeria",8051730083,juan park@gmail.com
392,Bradley Chukwuma,66,Female,"Ojochenemebury, Nigeria",8019042012,bradley chukwuma@gmail.com
393,Stacy Franklin,40,Male,"Michaelchester, Nigeria",8041394048,stacy franklin@gmail.com
394,Timothy Olamide,35,Female,"Bukolabury, Nigeria",8093732839,timothy olamide@gmail.com
395,Samantha Akpoti,25,Female,"Carlosview, Nigeria",8041268079,samantha akpoti@gmail.com
396,Glen Bassey,45,Male,"Luketown, Nigeria",8066694966,glen bassey@gmail.com
397,Eddie Bassey,48,Female,"East Jacob, Nigeria",8015504702,eddie bassey@gmail.com
398,Dustin Bassey,19,Male,"Lake Alexis, Nigeria",8045271292,dustin bassey@gmail.com
399,Karen Mabuko,54,Male,"Port Andrea, Nigeria",8068718987,karen mabuko@gmail.com
400,KathOtin Olamide,66,Male,"North Shannon, Nigeria",8034534853,kathotin olamide@gmail.com
401,John Vazquez,22,Female,"Carlymouth, Nigeria",8058648542,john vazquez@gmail.com
402,Nicole Freeman,40,Male,"Michelefort, Nigeria",8058131652,nicole freeman@gmail.com
403,Megan Norman,57,Female,"Hughesburgh, Nigeria",8017188656,megan norman@gmail.com
404,Joseph Akpanke,46,Male,"Lake Laurafort, Nigeria",8059793512,joseph akpanke@gmail.com
405,Crystal Harris,48,Male,"New Brian, Nigeria",8069383567,crystal harris@gmail.com
406,Jennifer Shekarau,23,Male,"Lake Joshua, Nigeria",8090278654,jennifer shekarau@gmail.com
407,David Olu,61,Male,"North Karen, Nigeria",8038629429,david olu@gmail.com
408,Megan Okwuchi,33,Female,"Cynthiashire, Nigeria",8062148721,megan okwuchi@gmail.com
409,Linda Timilaye,30,Male,"Jenniferton, Nigeria",8098484262,linda timilaye@gmail.com
410,Sheri Olamide,52,Male,"Lake Sherylside, Nigeria",8096235225,sheri olamide@gmail.com
411,Michael Winters,43,Female,"Owenberg, Nigeria",8077360558,michael winters@gmail.com
412,Amanda Gould,31,Female,"Adelekebury, Nigeria",8083847387,amanda gould@gmail.com
413,Wendy Olamide,63,Male,"Christianstad, Nigeria",8095720730,wendy olamide@gmail.com
414,Olamide Ikechukwu,48,Female,"Floresland, Nigeria",8057305765,olamide ikechukwu@gmail.com
415,Kristopher Nguyen,35,Female,"New Blaketown, Nigeria",8064162668,kristopher nguyen@gmail.com
416,Sean Olumide,60,Male,"North Nicolebury, Nigeria",8015748584,sean olumide@gmail.com
417,Ashley Bukola,35,Male,"Atkinshaven, Nigeria",8072520410,ashley bukola@gmail.com
418,Kenneth Olamide,45,Female,"Jeffreyville, Nigeria",8030184500,kenneth olamide@gmail.com
419,Angela Porter,46,Female,"Akpoiroromouth, Nigeria",8036649983,angela porter@gmail.com
420,Gwendolyn Olamide,35,Male,"North Misty, Nigeria",8022556861,gwendolyn olamide@gmail.com
421,Brian Olumide,68,Male,"Sarahland, Nigeria",8030806751,brian olumide@gmail.com
422,Amanda Kingsley,22,Female,"East Sarahtown, Nigeria",8018003280,amanda kingsley@gmail.com
423,Joyce Ojocheneme,50,Male,"Otedolamouth, Nigeria",8031913907,joyce ojocheneme@gmail.com
424,Leah Ikechukwu,43,Female,"MOjochenemeisonhaven, Nigeria",8036420143,leah ikechukwu@gmail.com
425,Samantha Espinoza,46,Male,"Daniellechester, Nigeria",8024862136,samantha espinoza@gmail.com
426,Jeremiah Page,36,Female,"Mohammadustad, Nigeria",8041300959,jeremiah page@gmail.com
427,Alyssa Navarro,37,Female,"Port Joe, Nigeria",8047524182,alyssa navarro@gmail.com
428,Christina Timilayey,66,Female,"Lake Kimberly, Nigeria",8065796818,christina timilayey@gmail.com
429,Colin Baldwin,42,Female,"Whitneychester, Nigeria",8020277765,colin baldwin@gmail.com
430,Todd Chavez,32,Female,"West David, Nigeria",8067714254,todd chavez@gmail.com
431,Michael Olu,31,Male,"Adamburgh, Nigeria",8052967922,michael olu@gmail.com
432,Amber Shekarau,42,Female,"North Michaelmouth, Nigeria",8055189284,amber shekarau@gmail.com
433,Roland Paul,37,Male,"East James, Nigeria",8044832022,roland paul@gmail.com
434,Kristin Onukwugha,46,Male,"West Shannonside, Nigeria",8042657152,kristin onukwugha@gmail.com
435,Todd Omachukwu,59,Male,"Lake Joshua, Nigeria",8085854109,todd omachukwu@gmail.com
436,Roger Uche,64,Male,"Krystalport, Nigeria",8076968424,roger uche@gmail.com
437,Trevor Burns,26,Male,"Mcdonaldtown, Nigeria",8088437111,trevor burns@gmail.com
438,Clayton Oscar,42,Female,"Mcdonaldbury, Nigeria",8020924077,clayton oscar@gmail.com
439,Melody Kingsley,68,Male,"Ibrahimside, Nigeria",8082958469,melody kingsley@gmail.com
440,Vincent Omachukwu,28,Female,"Lake Reginaldhaven, Nigeria",8035631030,vincent omachukwu@gmail.com
441,Justin Ajibade,61,Male,"Port Johnfort, Nigeria",8015378010,justin ajibade@gmail.com
442,Emily Kalu,45,Female,"East Amyland, Nigeria",8071880625,emily kalu@gmail.com
443,John Ajibade,57,Male,"Heidiside, Nigeria",8027472271,john ajibade@gmail.com
444,Jessica Kingsley,30,Female,"Natalieburgh, Nigeria",8050795907,jessica kingsley@gmail.com
445,KathOtin Kalu,52,Male,"Danielshire, Nigeria",8022267136,kathotin kalu@gmail.com
446,Sarah Oti,33,Female,"Mcneiltown, Nigeria",8029574199,sarah oti@gmail.com
447,Crystal Iwobi,69,Male,"Ikehhaven, Nigeria",8052433443,crystal iwobi@gmail.com
448,Jeremy Kalu,61,Male,"New Daniel, Nigeria",8088654921,jeremy kalu@gmail.com
449,Steven Olumide,38,Female,"Ashleybury, Nigeria",8098369748,steven olumide@gmail.com
450,Brittney Kalu,31,Male,"Amyton, Nigeria",8033421343,brittney kalu@gmail.com
451,Sharon Akindele,52,Male,"MurAjibadehaven, Nigeria",8046513060,sharon akindele@gmail.com
452,Marcus Akindele,22,Male,"Stephanieland, Nigeria",8059581803,marcus akindele@gmail.com
453,Matthew Ojocheneme,42,Male,"Port Royview, Nigeria",8020520848,matthew ojocheneme@gmail.com
454,Xavier Todd,37,Female,"Lake Donald, Nigeria",8053149335,xavier todd@gmail.com
455,Joseph Akindelepkins,70,Male,"New ColOtin, Nigeria",8077069102,joseph akindelepkins@gmail.com
456,Maria Dean,63,Male,"Craigtown, Nigeria",8079777635,maria dean@gmail.com
457,Charles Akpoti,22,Male,"Mcguireberg, Nigeria",8088635154,charles akpoti@gmail.com
458,Sara Chidera,60,Female,"Kevinhaven, Nigeria",8079755821,sara chidera@gmail.com
459,Karen Stout,47,Male,"Oluwadayoville, Nigeria",8067749052,karen stout@gmail.com
460,Brian Wilson,38,Male,"Chibuzoberg, Nigeria",8039677853,brian wilson@gmail.com
461,Willie Watson,67,Male,"Christinastad, Nigeria",8015131490,willie watson@gmail.com
462,Roland Bauer,38,Female,"East Beverly, Nigeria",8087305266,roland bauer@gmail.com
463,David Wallace,58,Female,"East Kathrynborough, Nigeria",8063105134,david wallace@gmail.com
464,Timilayey Fernandez,60,Male,"New Jeffery, Nigeria",8054647614,timilayey fernandez@gmail.com
465,Gina Foster,64,Female,"Staciechester, Nigeria",8066128649,gina foster@gmail.com
466,Andrew Kingsley,62,Male,"Amyville, Nigeria",8096711978,andrew kingsley@gmail.com
467,Sandra Santana,25,Male,"Glennville, Nigeria",8067717144,sandra santana@gmail.com
468,Ms. Tiffany Bukola,60,Male,"Lake Joy, Nigeria",8026182529,ms. tiffany bukola@gmail.com
469,Mallory Shea,64,Female,"Lake Katherine, Nigeria",8093703060,mallory shea@gmail.com
470,Darryl Akindelegan,63,Female,"Shekaraumouth, Nigeria",8080515510,darryl akindelegan@gmail.com
471,Jasmine Hamilton,39,Female,"East Melanie, Nigeria",8050350221,jasmine hamilton@gmail.com
472,Carolyn Palmer,23,Male,"Port Michael, Nigeria",8078245648,carolyn palmer@gmail.com
473,Tara Shekarau,42,Male,"Robertbury, Nigeria",8059044438,tara shekarau@gmail.com
474,Derek Mathis,23,Female,"New Reneetown, Nigeria",8051578463,derek mathis@gmail.com
475,Connie Kennedy,32,Male,"South John, Nigeria",8060546425,connie kennedy@gmail.com
476,Jillian Echobu,59,Male,"Khanview, Nigeria",8064848300,jillian echobu@gmail.com
477,Chase Bowen,60,Female,"North Coreybury, Nigeria",8094024059,chase bowen@gmail.com
478,Renee Mohammadu,57,Male,"Frenchtown, Nigeria",8088517591,renee mohammadu@gmail.com
479,Adam Nyesom,35,Female,"West Ashleyville, Nigeria",8073599357,adam nyesom@gmail.com
480,Jessica Okwuchi,56,Male,"South Joshuaburgh, Nigeria",8032357955,jessica okwuchi@gmail.com
481,Jamie Nyesom,49,Male,"North Justinborough, Nigeria",8058453134,jamie nyesom@gmail.com
482,Daniel Shepherd,55,Female,"New Haley, Nigeria",8022792825,daniel shepherd@gmail.com
483,Jill Reynolds,59,Male,"Jessicaside, Nigeria",8029596437,jill reynolds@gmail.com
484,Ajibademond Otedola,40,Female,"Johnnystad, Nigeria",8057838160,ajibademond otedola@gmail.com
485,Benjamin Mohammed,61,Male,"Dukeberg, Nigeria",8071578725,benjamin mohammed@gmail.com
486,Connie Oti,36,Male,"North Vincent, Nigeria",8045873175,connie oti@gmail.com
487,William Nyesom,34,Male,"Brianbury, Nigeria",8048587332,william nyesom@gmail.com
488,Michael Akpanufo,24,Male,"South Matthewside, Nigeria",8059108192,michael akpanufo@gmail.com
489,Steven Nyesom,59,Male,"Port Katrina, Nigeria",8014658041,steven nyesom@gmail.com
490,Heather Nyesom,32,Male,"New Ashleyfurt, Nigeria",8042377040,heather nyesom@gmail.com
491,Justin Nyesom,36,Male,"Wilsonborough, Nigeria",8059451064,justin nyesom@gmail.com
492,Jade Davidson,25,Female,"East Emily, Nigeria",8032945587,jade davidson@gmail.com
493,Margaret Powers,28,Female,"Whitemouth, Nigeria",8015366838,margaret powers@gmail.com
494,Megan Otip,25,Female,"Lake Joseph, Nigeria",8028131720,megan otip@gmail.com
495,Brian Adams,23,Male,"Guzmanburgh, Nigeria",8086841369,brian adams@gmail.com
496,Matthew Wike,25,Female,"Cindymouth, Nigeria",8092089092,matthew wike@gmail.com
497,Charles Fubara,21,Female,"Dylanburgh, Nigeria",8065808650,charles fubara@gmail.com
498,Ashley Chidi,41,Male,"Akindelechester, Nigeria",8087092218,ashley chidi@gmail.com
499,Donald Eme,52,Male,"Lake Jefferymouth, Nigeria",8060706465,donald eme@gmail.com
500,Angela Chidi,37,Female,"RicKalumouth, Nigeria",8033519071,angela chidi@gmail.com
